{"config":{"experimentId":"30B0f","frameworkConfig":{"game":"BUTTERFLIES","level":0,"agent":"MCTS","nGameRuns":100,"visuals":false,"saveActionFile":false},"mapElitesConfig":{"performanceCriteria":"FAST","featureX":"CURIOSITY","featureY":"SCORE","nRandomInitialisations":10,"nMapElitesIterations":200}},"gameInfo":{"spriteDetails":{"0":"wall","1":"avatar","2":"floor","3":"cocoon","4":"animal","5":"butterfly"}},"teamInfo":{"enabledBehaviours":["WINNER","EXPLORER"]},"featuresDetails":{"CURIOSITY":{"arraySize":22,"minValueMap":0,"maxValueMap":400,"bucketSize":20,"isPercentage":false,"bucketsRangeInfo":["[<=0]","[1 - 20]","[21 - 40]","[41 - 60]","[61 - 80]","[81 - 100]","[101 - 120]","[121 - 140]","[141 - 160]","[161 - 180]","[181 - 200]","[201 - 220]","[221 - 240]","[241 - 260]","[261 - 280]","[281 - 300]","[301 - 320]","[321 - 340]","[341 - 360]","[361 - 380]","[381 - 399]","[>=400]"]},"SCORE":{"arraySize":9,"minValueMap":0,"maxValueMap":70,"bucketSize":10,"isPercentage":false,"bucketsRangeInfo":["[<=0]","[1 - 10]","[11 - 20]","[21 - 30]","[31 - 40]","[41 - 50]","[51 - 60]","[61 - 69]","[>=70]"]}},"result":{"performanceCriteria":"FAST","featureInfoX":"CURIOSITY","featureInfoY":"SCORE","occupiedCellsIdx":[{"x":2,"y":4},{"x":3,"y":5},{"x":1,"y":2},{"x":1,"y":3}],"mapElites":[[null,null,null,null,null,null,null,null,null],[null,null,{"agentName":"heuristic_diversification.controllers.sampleMCTS.Agent","heuristicsWeightList":[0.63,0.1],"performance":-83.07999999999998,"featureValues":[8.159999999999997,19.02],"gameStats":{"gameOverTickStats":{"mean":83.07999999999998,"variance":1090.8016161616165,"n":100,"max":217.0,"min":31.0,"sum":8308.0},"winStats":{"mean":1.0,"variance":0.0,"n":100,"max":1.0,"min":1.0,"sum":100.0},"scoreStats":{"mean":19.02,"variance":49.413737373737376,"n":100,"max":52.0,"min":12.0,"sum":1902.0},"lastScoreChangeTickStats":{"mean":83.07999999999998,"variance":1090.8016161616165,"n":100,"max":217.0,"min":31.0,"sum":8308.0},"lastPositiveScoreChangeTickStats":{"mean":83.07999999999998,"variance":1090.8016161616165,"n":100,"max":217.0,"min":31.0,"sum":8308.0},"mapSize":206,"heatMapExplorationMatrixAvg":[[0.0,0.0,0.0,0.0,0.0,0.0,0.0,0.0,0.0,0.0,0.0,0.0,0.0,0.0,0.0,0.0,0.0,0.0,0.0,0.0,0.0,0.0,0.0,0.0,0.0,0.0,0.0,0.0],[0.0,0.31,0.64,0.71,0.74,0.76,0.82,0.81,0.73,0.74,0.58,0.35,0.0,0.06,0.1,0.16,0.15,0.19,0.17,0.19,0.16,0.16,0.08,0.0,0.14,0.15,0.14,0.0],[0.0,0.36,0.77,0.8,0.82,0.71,0.7,0.76,0.68,0.8,0.94,1.08,0.93,0.76,0.63,0.56,0.5,0.45,0.28,0.32,0.22,0.25,0.18,0.0,0.25,0.27,0.22,0.0],[0.0,0.22,0.52,0.59,0.66,0.7,0.72,0.77,0.71,0.74,0.86,0.95,1.13,0.79,2.28,0.53,0.4,0.48,0.37,0.38,0.3,0.31,0.23,0.0,0.34,0.35,0.19,0.0],[0.0,0.0,0.0,0.0,0.0,0.0,0.0,0.0,0.0,0.0,0.0,0.0,0.71,0.46,0.54,0.48,0.4,0.42,0.36,0.33,0.29,0.49,0.48,0.32,0.47,0.4,0.1,0.0],[0.0,0.11,0.21,0.26,0.23,0.22,0.24,0.22,0.25,0.29,0.41,0.48,0.62,0.29,0.34,0.42,0.48,0.55,0.39,0.18,0.0,0.3,0.36,0.37,0.31,0.33,0.0,0.0],[0.0,0.17,0.26,0.39,0.32,0.32,0.35,0.33,0.37,0.4,0.41,0.34,0.32,0.23,0.23,0.32,0.46,0.56,0.57,0.4,0.31,0.46,0.46,0.49,0.41,0.39,0.11,0.0],[0.0,0.13,0.24,0.31,0.32,0.45,0.37,0.37,0.42,0.34,0.27,0.0,0.0,0.0,0.0,0.0,0.41,0.53,0.6,0.56,0.56,0.53,0.57,0.36,0.42,0.34,0.14,0.0],[0.0,0.0,0.0,0.0,0.0,0.23,0.29,0.32,0.44,0.47,0.51,0.38,0.42,0.43,0.52,0.48,0.68,0.58,0.49,0.3,0.15,0.0,0.36,0.35,0.4,0.33,0.15,0.0],[0.0,0.07,0.1,0.1,0.1,0.17,0.22,0.26,0.3,0.34,0.47,0.39,0.43,0.36,0.38,0.34,0.37,0.29,0.23,0.15,0.11,0.0,0.2,0.27,0.27,0.23,0.12,0.0],[0.0,0.0,0.0,0.0,0.0,0.0,0.0,0.0,0.0,0.0,0.0,0.0,0.0,0.0,0.0,0.0,0.0,0.0,0.0,0.0,0.0,0.0,0.0,0.0,0.0,0.0,0.0,0.0]],"nExploredStats":{"mean":76.61999999999999,"variance":707.7733333333334,"n":100,"max":153.0,"min":30.0,"sum":7662.0},"percentageExploredStats":{"mean":0.3719417475728156,"variance":0.01667860621484903,"n":100,"max":0.7427184466019418,"min":0.14563106796116504,"sum":37.19417475728156},"lastNewExplorationTickStats":{"mean":82.96000000000001,"variance":1093.6953535353537,"n":100,"max":217.0,"min":31.0,"sum":8296.0},"finalStypesDiscovered":[5,0,3],"nSpritesDiscoveredStats":{"mean":3.0,"variance":0.0,"n":100,"max":3.0,"min":3.0,"sum":300.0},"lastDiscoveryTickStats":{"mean":0.0,"variance":0.0,"n":100,"max":0.0,"min":0.0,"sum":0.0},"nUniqueSpriteInteractionsStats":{"mean":1.46,"variance":0.2509090909090909,"n":100,"max":2.0,"min":1.0,"sum":146.0},"nCuriosityInteractionsStats":{"mean":8.159999999999997,"variance":7.731717171717171,"n":100,"max":19.0,"min":5.0,"sum":816.0},"nTotalInteractionsStats":{"mean":8.250000000000002,"variance":8.41161616161616,"n":100,"max":20.0,"min":5.0,"sum":825.0},"nTotalCollisionsStats":{"mean":8.250000000000002,"variance":8.41161616161616,"n":100,"max":20.0,"min":5.0,"sum":825.0},"nTotalHitsStats":{"mean":0.0,"variance":0.0,"n":100,"max":0.0,"min":0.0,"sum":0.0},"lastNewCollisionTickStats":{"mean":21.830000000000005,"variance":751.8596969696966,"n":100,"max":115.0,"min":3.0,"sum":2183.0},"lastNewHitTickStats":{"mean":0.0,"variance":0.0,"n":100,"max":0.0,"min":0.0,"sum":0.0},"lastCuriosityTickStats":{"mean":75.96000000000002,"variance":1256.422626262626,"n":100,"max":212.0,"min":28.0,"sum":7596.0},"finalStypesKilled":[],"nTotalKillsStats":{"mean":0.0,"variance":0.0,"n":100,"max":0.0,"min":0.0,"sum":0.0},"lastKillTickStats":{"mean":0.0,"variance":0.0,"n":100,"max":0.0,"min":0.0,"sum":0.0},"finalStypesCollected":[],"nTotalItemsCollectedStats":{"mean":0.0,"variance":0.0,"n":100,"max":0.0,"min":0.0,"sum":0.0},"lastCollectionTickStats":{"mean":0.0,"variance":0.0,"n":100,"max":0.0,"min":0.0,"sum":0.0}}},{"agentName":"heuristic_diversification.controllers.sampleMCTS.Agent","heuristicsWeightList":[0.92,0.1],"performance":-89.38999999999997,"featureValues":[8.769999999999994,21.08000000000001],"gameStats":{"gameOverTickStats":{"mean":89.38999999999997,"variance":1014.70494949495,"n":100,"max":205.0,"min":34.0,"sum":8939.0},"winStats":{"mean":1.0,"variance":0.0,"n":100,"max":1.0,"min":1.0,"sum":100.0},"scoreStats":{"mean":21.08000000000001,"variance":95.9531313131313,"n":100,"max":50.0,"min":12.0,"sum":2108.0},"lastScoreChangeTickStats":{"mean":89.38999999999997,"variance":1014.70494949495,"n":100,"max":205.0,"min":34.0,"sum":8939.0},"lastPositiveScoreChangeTickStats":{"mean":89.38999999999997,"variance":1014.70494949495,"n":100,"max":205.0,"min":34.0,"sum":8939.0},"mapSize":206,"heatMapExplorationMatrixAvg":[[0.0,0.0,0.0,0.0,0.0,0.0,0.0,0.0,0.0,0.0,0.0,0.0,0.0,0.0,0.0,0.0,0.0,0.0,0.0,0.0,0.0,0.0,0.0,0.0,0.0,0.0,0.0,0.0],[0.0,0.47,0.76,0.82,0.76,0.82,0.82,0.82,0.88,0.88,0.79,0.65,0.0,0.06,0.09,0.16,0.19,0.18,0.2,0.16,0.14,0.13,0.07,0.0,0.14,0.17,0.14,0.0],[0.0,0.59,0.94,0.99,0.95,0.99,0.79,0.73,0.76,0.72,0.66,1.09,0.9,0.78,0.59,0.53,0.5,0.38,0.33,0.4,0.33,0.22,0.19,0.0,0.34,0.38,0.25,0.0],[0.0,0.44,0.8,0.86,0.85,0.87,0.88,0.88,0.91,1.02,1.0,1.17,1.23,0.87,2.17,0.48,0.53,0.51,0.36,0.43,0.45,0.37,0.28,0.0,0.44,0.43,0.25,0.0],[0.0,0.0,0.0,0.0,0.0,0.0,0.0,0.0,0.0,0.0,0.0,0.0,0.69,0.46,0.34,0.33,0.44,0.49,0.34,0.36,0.34,0.49,0.58,0.45,0.58,0.54,0.19,0.0],[0.0,0.14,0.29,0.37,0.35,0.33,0.3,0.31,0.28,0.32,0.43,0.54,0.72,0.43,0.34,0.37,0.45,0.54,0.36,0.25,0.0,0.2,0.35,0.4,0.47,0.45,0.0,0.0],[0.0,0.18,0.29,0.46,0.47,0.47,0.39,0.38,0.38,0.4,0.47,0.29,0.24,0.21,0.18,0.23,0.43,0.49,0.44,0.45,0.36,0.45,0.59,0.63,0.56,0.49,0.15,0.0],[0.0,0.17,0.26,0.32,0.35,0.47,0.44,0.49,0.39,0.4,0.34,0.0,0.0,0.0,0.0,0.0,0.38,0.42,0.51,0.48,0.52,0.51,0.57,0.44,0.37,0.39,0.21,0.0],[0.0,0.0,0.0,0.0,0.0,0.23,0.32,0.43,0.44,0.59,0.6,0.5,0.47,0.47,0.4,0.47,0.61,0.42,0.37,0.32,0.22,0.0,0.18,0.31,0.35,0.35,0.22,0.0],[0.0,0.06,0.08,0.08,0.08,0.13,0.14,0.14,0.14,0.26,0.32,0.31,0.32,0.38,0.35,0.34,0.34,0.22,0.13,0.09,0.03,0.0,0.12,0.24,0.25,0.21,0.13,0.0],[0.0,0.0,0.0,0.0,0.0,0.0,0.0,0.0,0.0,0.0,0.0,0.0,0.0,0.0,0.0,0.0,0.0,0.0,0.0,0.0,0.0,0.0,0.0,0.0,0.0,0.0,0.0,0.0]],"nExploredStats":{"mean":80.55000000000001,"variance":629.5429292929291,"n":100,"max":147.0,"min":34.0,"sum":8055.0},"percentageExploredStats":{"mean":0.39101941747572827,